都道府県,市区町村,応募単価CPA,応募数,費用,クリック数,クリック単価CPC,応募率,表示回数,CTR,掲載行数
東京都,目黒区,559,580,323935,10938,30,0.053,85943,0.1273,53
東京都,渋谷区,713,321,228826,3568,64,0.09,21742,0.1641,48
北海道,札幌市中央区,4980,13,64736,239,271,0.0544,1881,0.1271,8
東京都,千代田区,662,85,56242,912,62,0.0932,4332,0.2105,25
大阪府,大阪市北区,1063,49,52084,309,169,0.1586,2302,0.1342,10
東京都,新宿区,691,59,40790,384,106,0.1536,2515,0.1527,16
北海道,札幌市北区,6013,4,24053,62,388,0.0645,632,0.0981,8
東京都,中央区,2104,8,16835,86,196,0.093,746,0.1153,6
東京都,港区,1941,8,15529,53,293,0.1509,311,0.1704,6
北海道,札幌市東区,12709,1,12709,32,397,0.0312,639,0.0501,8
北海道,札幌市,,0,12099,64,189,0.0,423,0.1513,3
神奈川県,横浜市神奈川区,,0,11177,18,621,0.0,208,0.0865,3
大阪府,大阪市西区,691,15,10368,138,75,0.1087,1002,0.1377,10
東京都,江東区,,0,10042,11,913,0.0,159,0.0692,3
東京都,中野区,,0,9831,9,1092,0.0,126,0.0714,3
大阪府,大阪市中央区,1705,5,8524,27,316,0.1852,203,0.133,3
神奈川県,横浜市西区,1684,5,8419,33,255,0.1515,288,0.1146,3
福岡県,福岡市中央区,560,14,7837,95,82,0.1474,741,0.1282,3
東京都,台東区,1158,6,6948,133,52,0.0451,886,0.1501,3
愛媛県,松山市,,0,6208,8,776,0.0,254,0.0315,2
大阪府,東大阪市,732,8,5859,186,32,0.043,1326,0.1403,10
大阪府,吹田市,1467,3,4401,13,339,0.2308,133,0.0977,3
大阪府,八尾市,1058,4,4231,161,26,0.0248,1128,0.1427,3
東京都,文京区,1301,3,3903,88,44,0.0341,718,0.1226,3
東京都,豊島区,2704,1,2704,27,100,0.037,224,0.1205,3
北海道,札幌市白石区,2455,1,2455,26,94,0.0385,358,0.0726,4
北海道,札幌市豊平区,,0,2383,18,132,0.0,298,0.0604,4
大阪府,松原市,432,4,1730,74,23,0.0541,698,0.106,3
大阪府,堺市北区,856,2,1711,62,28,0.0323,647,0.0958,3
神奈川県,川崎市川崎区,,0,947,3,316,0.0,100,0.03,3
埼玉県,川口市,357,1,357,9,40,0.1111,152,0.0592,3
