企業ラベル,求人名,応募単価CPA,応募数,費用,クリック数,クリック単価CPC,応募率,応募開始数,応募完了率,表示回数,CTR,掲載行数,配信エリア数,母数条件を満たす
A社,SNSマーケター｜リモートOK｜経験者,81,1,81,4,20,0.25,1,1.0,50,0.08,1,1,0
A社,未経験から始められる経理事務業務,208,9,1875,61,31,0.1475,9,1.0,345,0.1768,1,1,0
A社,【未経験歓迎】生成AI研修サポート,227,31,7052,632,11,0.0491,40,0.775,3690,0.1713,1,1,1
A社,総務事務｜未経験スタート,266,10,2661,87,31,0.1149,15,0.6667,625,0.1392,3,3,1
A社,【18時定時で残業ほぼなし】SNS運用・マーケター,272,91,24760,1285,19,0.0708,112,0.8125,9355,0.1374,1,1,1
A社,人材系ベンチャー企業でのマーケティング業務,286,63,18000,2561,7,0.0246,104,0.6058,21498,0.1191,1,1,1
B社,広報・PR/Webマーケティング(微経験OK),323,36,11615,403,29,0.0893,44,0.8182,2388,0.1688,1,1,1
A社,土日祝休み｜マーケティングアシスタント,325,77,25021,825,30,0.0933,86,0.8953,7103,0.1161,3,1,1
B社,経理・財務,335,18,6035,228,26,0.0789,19,0.9474,700,0.3257,1,1,1
B社,未経験から始める広報,339,65,22018,831,26,0.0782,79,0.8228,4232,0.1964,2,1,1
A社,未経験から始められる経理事務,340,124,42168,2315,18,0.0536,158,0.7848,15941,0.1452,4,1,1
A社,未経験から始められる広報・マーケティング業務,356,14,4977,305,16,0.0459,20,0.7,1878,0.1624,1,1,1
B社,一般事務・バックオフィススタッフ【微経験OK】,356,24,8544,245,35,0.098,25,0.96,1169,0.2096,1,1,1
A社,経理事務｜未経験スタート,372,29,10788,194,56,0.1495,32,0.9062,902,0.2151,3,3,1
B社,未経験から始める一般事務,441,20,8829,216,41,0.0926,22,0.9091,1188,0.1818,1,1,1
A社,キャリアアドバイザー｜未経験スタート,587,111,65127,719,91,0.1544,124,0.8952,5660,0.127,40,6,1
B社,経営企画,588,11,6471,125,52,0.088,12,0.9167,407,0.3071,1,1,1
A社,18時定時の総務・事務スタッフ,629,69,43391,1580,27,0.0437,78,0.8846,12548,0.1259,5,1,1
A社,営業事務｜人柄と明るさを評価される事務職,653,18,11750,326,36,0.0552,21,0.8571,2619,0.1245,12,4,1
D社,AIエンジニア,750,12,9000,98,92,0.1224,12,1.0,199,0.4925,1,1,1
D社,フルスタックエンジニア,752,22,16540,184,90,0.1196,24,0.9167,385,0.4779,2,1,1
A社,事務職 ｜ 土日休み 研修充実,778,17,13220,491,27,0.0346,17,1.0,3428,0.1432,12,4,1
A社,【定員2名】ベンチャー企業の営業事務スタッフ,823,18,14814,309,48,0.0583,21,0.8571,3015,0.1025,2,1,1
B社,未経験から始める美容サロンカスタマーサポート,863,11,9488,177,54,0.0621,12,0.9167,1210,0.1463,3,1,1
B社,未経験から始める営業事務,872,51,44447,456,97,0.1118,54,0.9444,3502,0.1302,7,2,1
D社,社内SE,900,5,4500,113,40,0.0442,6,0.8333,221,0.5113,1,1,0
A社,【未経験可】業績好調ベンチャー企業での顧客対応スタッフ,967,2,1934,34,57,0.0588,2,1.0,257,0.1323,1,1,0
A社,【定員2名】ベンチャー企業の社内サポート事務,1040,17,17678,351,50,0.0484,22,0.7727,2963,0.1185,2,1,1
B社,美容機器の提案営業,1081,25,27022,282,96,0.0887,32,0.7812,2131,0.1323,2,1,1
A社,未経験から活躍可｜ベンチャー企業でのマーケティングアシスタント,1125,2,2250,7,321,0.2857,2,1.0,51,0.1373,1,1,0
A社,ベンチャー企業での一般事務STAFF,1142,11,12558,150,84,0.0733,14,0.7857,1894,0.0792,2,1,1
A社,完全未経験からスキルアップ｜ITエンジニア,1153,23,26524,160,166,0.1437,24,0.9583,1171,0.1366,3,1,1
A社,マーケター｜未経験スタート/Web・SNS運用/土日祝休み,1389,18,25000,194,129,0.0928,21,0.8571,1578,0.1229,12,4,1
B社,未経験から始める化粧品営業,1419,25,35487,271,131,0.0923,34,0.7353,2186,0.124,5,2,1
A社,人材系ベンチャー企業の経理事務STAFF,1429,3,4288,51,84,0.0588,3,1.0,550,0.0927,1,1,0
D社,WEBデザイナー,1470,4,5882,80,74,0.05,4,1.0,497,0.161,1,1,0
A社,ITエンジニア｜未経験可　土日祝休み,1695,59,100000,394,254,0.1497,69,0.8551,2985,0.132,36,12,1
B社,未経験から始めるサロン経営支援,1834,10,18344,60,306,0.1667,11,0.9091,516,0.1163,4,2,1
D社,UI/UXデザイナー,1857,4,7427,62,120,0.0645,6,0.6667,440,0.1409,1,1,0
A社,未経験から活躍可｜ベンチャー企業でのマーケティングSTAFF,2095,1,2095,33,63,0.0303,1,1.0,301,0.1096,1,1,0
A社,【18時定時で残業ほぼなし】ベンチャー企業での法人営業,2250,1,2250,2,1125,0.5,1,1.0,54,0.037,1,1,0
A社,ネイル自由｜ベンチャー企業でのマーケティングSTAFF,2250,1,2250,10,225,0.1,1,1.0,76,0.1316,1,1,0
A社,ベンチャー企業でのマーケター・企画STAFF,2250,1,2250,17,132,0.0588,1,1.0,130,0.1308,1,1,0
A社,急成長ベンチャー企業での広告法人営業,2250,1,2250,2,1125,0.5,1,1.0,61,0.0328,1,1,0
A社,未経験から始められるマーケティング業務,2250,1,2250,5,450,0.2,1,1.0,50,0.1,1,1,0
A社,未経験から活躍可｜ベンチャー企業でのマーケチームサポート業務,2250,1,2250,28,80,0.0357,2,0.5,201,0.1393,1,1,0
C社,営業 ｜ 未経験から始める月80万も狙える成果還元型(北海道),2269,2,4538,22,206,0.0909,2,1.0,260,0.0846,3,3,0
B社,未経験から始める総合職,2467,2,4934,26,190,0.0769,2,1.0,166,0.1566,1,1,0
A社,【未経験から始められる】ベンチャー企業でのSaaS法人営業,3267,5,16334,55,297,0.0909,5,1.0,621,0.0886,3,1,0
A社,✅未経験から始められる✅営業アシスタント,3375,2,6750,45,150,0.0444,2,1.0,704,0.0639,1,1,0
C社,未経験から始める法人向け提案営業 ｜ (北海道),3836,4,15345,18,852,0.2222,4,1.0,309,0.0583,3,1,0
B社,未経験から始めるサロン専門アドバイザー,4048,3,12145,62,196,0.0484,4,0.75,717,0.0865,4,2,0
C社,未経験から始める法人向け提案営業 ｜(北海道),4363,5,21816,25,873,0.2,5,1.0,511,0.0489,5,2,0
A社,完全未経験からスキルアップ｜インフラエンジニア,4640,1,4640,1,4640,1.0,1,1.0,6,0.1667,1,1,0
E社,営業 ｜ 未経験スタートで月80万も狙える成果還元型(北海道),6201,4,24805,105,236,0.0381,6,0.6667,581,0.1807,1,1,0
B社,土日祝休み｜接客スタッフ,10442,1,10442,78,134,0.0128,1,1.0,687,0.1135,5,1,0
F社,フィールドセールス｜未経験から月80万円目指せる(北海道),11143,1,11143,17,655,0.0588,1,1.0,204,0.0833,3,3,0
A社,営業 ｜ 未経験スタートで月80万も狙える成果還元型(北海道),13596,3,40788,254,161,0.0118,4,0.75,2366,0.1074,20,6,1
G社,マーケティングサポート事務,,0,4896,19,258,0.0,0,,166,0.1145,3,3,0
C社,営業 ｜ 未経験から始める月80万も狙える成果還元型(愛媛),,0,127,4,32,0.0,0,,38,0.1053,1,1,0
C社,未経験から始める法人向け提案営業 ｜(愛媛),,0,6081,4,1520,0.0,0,,216,0.0185,1,1,0
A社,【土日祝休み】未経験から始められるサービス紹介スタッフ,,0,2104,2,1052,0.0,0,,36,0.0556,1,1,0
A社,【服装・ネイル自由】業績好調ベンチャー企業でのSaaS法人営業,,0,2250,10,225,0.0,0,,100,0.1,1,1,0
A社,ベンチャー企業でのITエンジニア,,0,2250,3,750,0.0,0,,24,0.125,1,1,0
A社,マーケ事務｜未経験スタート,,0,181,8,23,0.0,0,,148,0.0541,3,3,0
H社,人材会社の受付スタッフ,,0,542,2,271,0.0,0,,14,0.1429,1,1,0
A社,反響営業｜未経験から学べるバイヤー職,,0,25000,34,735,0.0,3,0.0,415,0.0819,10,4,0
A社,営業アシスタント,,0,2250,6,375,0.0,1,0.0,92,0.0652,1,1,0
A社,完全未経験から始められるITエンジニア,,0,2250,4,562,0.0,0,,12,0.3333,1,1,0
A社,生成AI活用の総務・バックオフィス事務,,0,1533,13,118,0.0,0,,325,0.04,1,1,0
D社,一般事務,,0,112,4,28,0.0,0,,23,0.1739,1,1,0
B社,営業事務,,0,1456,2,728,0.0,0,,24,0.0833,1,1,0
